{
  "personality_drift": {
    "openness": 0.7123228372287475,
    "conscientiousness": 0.8040415808703492,
    "agreeableness": 0.7079443884603468,
    "neuroticism": 0.2997887375705623,
    "extraversion": 0.4040410228097628
  },
  "capabilities": {
    "reasoning": 0.5,
    "memory": 0.5,
    "learning": 0.5,
    "creativity": 0.3,
    "empathy": 0.5,
    "execution": 0.7,
    "language": 0.5
  },
  "autobiographical_memories": [],
  "saved_at": 1772879522.545224
}